{
  "1": {
    "birth_time_ms": 0,
    "death_time_ms": 60000,
    "visibility_intervals": [
      [
        0,
        59999
      ]
    ],
    "occlusion_intervals": [],
    "total_visible_frames": 600,
    "visibility_percentage": 99.83,
    "obj_type": "dynamic",
    "shape": "cube",
    "size": [
      0.5,
      0.5,
      1.5
    ],
    "color": [
      0.8999999761581421,
      0.20000000298023224,
      0.20000000298023224
    ],
    "initial_position": [
      -8.0,
      -5.0,
      1.0
    ],
    "point_density": 150.0,
    "noise_std": 0.0
  },
  "2": {
    "birth_time_ms": 0,
    "death_time_ms": 60000,
    "visibility_intervals": [
      [
        0,
        59999
      ]
    ],
    "occlusion_intervals": [],
    "total_visible_frames": 600,
    "visibility_percentage": 99.83,
    "obj_type": "dynamic",
    "shape": "cube",
    "size": [
      0.800000011920929,
      0.800000011920929,
      0.800000011920929
    ],
    "color": [
      0.20000000298023224,
      0.699999988079071,
      0.30000001192092896
    ],
    "initial_position": [
      8.0,
      -8.0,
      5.0
    ],
    "point_density": 120.0,
    "noise_std": 0.0
  },
  "3": {
    "birth_time_ms": 0,
    "death_time_ms": 60000,
    "visibility_intervals": [
      [
        0,
        59999
      ]
    ],
    "occlusion_intervals": [],
    "total_visible_frames": 600,
    "visibility_percentage": 99.83,
    "obj_type": "dynamic",
    "shape": "cylinder",
    "size": [
      0.6000000238418579,
      0.6000000238418579,
      1.2000000476837158
    ],
    "color": [
      0.20000000298023224,
      0.4000000059604645,
      0.8999999761581421
    ],
    "initial_position": [
      -5.0,
      3.0,
      7.0
    ],
    "point_density": 130.0,
    "noise_std": 0.0
  },
  "4": {
    "birth_time_ms": 0,
    "death_time_ms": 60000,
    "visibility_intervals": [
      [
        0,
        59999
      ]
    ],
    "occlusion_intervals": [],
    "total_visible_frames": 600,
    "visibility_percentage": 99.83,
    "obj_type": "static",
    "shape": "cube",
    "size": [
      2.0,
      2.0,
      3.0
    ],
    "color": [
      0.699999988079071,
      0.699999988079071,
      0.30000001192092896
    ],
    "initial_position": [
      8.0,
      8.0,
      1.5
    ],
    "point_density": 100.0,
    "noise_std": 0.0
  },
  "5": {
    "birth_time_ms": 0,
    "death_time_ms": 60000,
    "visibility_intervals": [
      [
        0,
        59999
      ]
    ],
    "occlusion_intervals": [],
    "total_visible_frames": 600,
    "visibility_percentage": 99.83,
    "obj_type": "static",
    "shape": "cylinder",
    "size": [
      1.5,
      1.5,
      4.0
    ],
    "color": [
      0.800000011920929,
      0.5,
      0.20000000298023224
    ],
    "initial_position": [
      -8.0,
      -8.0,
      2.0
    ],
    "point_density": 90.0,
    "noise_std": 0.0
  }
}