{
  "1": {
    "birth_time_ms": 0,
    "death_time_ms": 60000,
    "visibility_intervals": [
      [
        0,
        45099
      ]
    ],
    "occlusion_intervals": [],
    "total_visible_frames": 451,
    "visibility_percentage": 75.04,
    "obj_type": "dynamic",
    "shape": "cube",
    "size": [
      0.699999988079071,
      0.699999988079071,
      1.399999976158142
    ],
    "color": [
      0.8999999761581421,
      0.10000000149011612,
      0.10000000149011612
    ],
    "initial_position": [
      -14.0,
      0.0,
      1.0
    ],
    "point_density": 145.0,
    "noise_std": 0.01
  },
  "2": {
    "birth_time_ms": 5000,
    "death_time_ms": 55000,
    "visibility_intervals": [
      [
        5000,
        14999
      ],
      [
        25100,
        54999
      ]
    ],
    "occlusion_intervals": [
      [
        15000,
        25000
      ]
    ],
    "total_visible_frames": 399,
    "visibility_percentage": 66.39,
    "obj_type": "dynamic",
    "shape": "sphere",
    "size": [
      1.100000023841858,
      1.100000023841858,
      1.100000023841858
    ],
    "color": [
      0.10000000149011612,
      0.10000000149011612,
      0.8999999761581421
    ],
    "initial_position": [
      14.0,
      0.0,
      1.0
    ],
    "point_density": 115.0,
    "noise_std": 0.01
  },
  "3": {
    "birth_time_ms": 15000,
    "death_time_ms": 60000,
    "visibility_intervals": [
      [
        15000,
        34999
      ],
      [
        45100,
        59999
      ]
    ],
    "occlusion_intervals": [
      [
        35000,
        45000
      ]
    ],
    "total_visible_frames": 349,
    "visibility_percentage": 58.07,
    "obj_type": "dynamic",
    "shape": "cylinder",
    "size": [
      0.8999999761581421,
      0.8999999761581421,
      1.7999999523162842
    ],
    "color": [
      0.10000000149011612,
      0.800000011920929,
      0.10000000149011612
    ],
    "initial_position": [
      0.0,
      -12.0,
      1.0
    ],
    "point_density": 135.0,
    "noise_std": 0.01
  },
  "4": {
    "birth_time_ms": 0,
    "death_time_ms": 60000,
    "visibility_intervals": [
      [
        0,
        59999
      ]
    ],
    "occlusion_intervals": [],
    "total_visible_frames": 600,
    "visibility_percentage": 99.83,
    "obj_type": "static",
    "shape": "cube",
    "size": [
      4.0,
      0.5,
      3.0
    ],
    "color": [
      0.6000000238418579,
      0.4000000059604645,
      0.20000000298023224
    ],
    "initial_position": [
      -5.0,
      7.0,
      1.5
    ],
    "point_density": 100.0,
    "noise_std": 0.01
  },
  "5": {
    "birth_time_ms": 0,
    "death_time_ms": 60000,
    "visibility_intervals": [
      [
        0,
        59999
      ]
    ],
    "occlusion_intervals": [],
    "total_visible_frames": 600,
    "visibility_percentage": 99.83,
    "obj_type": "static",
    "shape": "cylinder",
    "size": [
      1.2000000476837158,
      1.2000000476837158,
      5.0
    ],
    "color": [
      0.5,
      0.30000001192092896,
      0.699999988079071
    ],
    "initial_position": [
      6.0,
      -6.0,
      2.5
    ],
    "point_density": 90.0,
    "noise_std": 0.01
  }
}